{"v":"5.6.5","fr":30,"ip":0,"op":17,"w":512,"h":512,"nm":"Cactus","ddd":0,"assets":[],"layers":[{"ddd":0,"ind":1,"ty":4,"nm":"Shape Layer 4","sr":1,"ks":{"o":{"a":0,"k":100,"ix":11},"r":{"a":0,"k":-14,"ix":10},"p":{"a":1,"k":[{"i":{"x":0.667,"y":1},"o":{"x":0.333,"y":0},"t":0,"s":[249.25,158,0],"to":[-0.5,-1.833,0],"ti":[0.5,1.833,0]},{"t":8.400390625,"s":[246.25,147,0]}],"ix":2},"a":{"a":0,"k":[26,-110.5,0],"ix":1},"s":{"a":0,"k":[100,100,100],"ix":6}},"ao":0,"shapes":[{"ty":"gr","it":[{"d":1,"ty":"el","s":{"a":0,"k":[9.414,16.939],"ix":2},"p":{"a":0,"k":[0,0],"ix":3},"nm":"Ellipse Path 1","mn":"ADBE Vector Shape - Ellipse","hd":false},{"ty":"st","c":{"a":0,"k":[0,0,0,1],"ix":3},"o":{"a":0,"k":100,"ix":4},"w":{"a":0,"k":3,"ix":5},"lc":1,"lj":1,"ml":4,"bm":0,"nm":"Stroke 1","mn":"ADBE Vector Graphic - Stroke","hd":false},{"ty":"fl","c":{"a":0,"k":[0.802022058824,0.793815104167,0.793815104167,1],"ix":4},"o":{"a":0,"k":100,"ix":5},"r":1,"bm":0,"nm":"Fill 1","mn":"ADBE Vector Graphic - Fill","hd":false},{"ty":"tr","p":{"a":0,"k":[26.207,-111.03],"ix":2},"a":{"a":0,"k":[0,0],"ix":1},"s":{"a":0,"k":[100,100],"ix":3},"r":{"a":0,"k":0,"ix":6},"o":{"a":0,"k":100,"ix":7},"sk":{"a":0,"k":0,"ix":4},"sa":{"a":0,"k":0,"ix":5},"nm":"Transform"}],"nm":"Ellipse 1","np":3,"cix":2,"bm":0,"ix":1,"mn":"ADBE Vector Group","hd":false}],"ip":0,"op":334.8,"st":0,"bm":0},{"ddd":0,"ind":2,"ty":4,"nm":"Shape Layer 3","sr":1,"ks":{"o":{"a":0,"k":100,"ix":11},"r":{"a":0,"k":-4,"ix":10},"p":{"a":1,"k":[{"i":{"x":0.667,"y":1},"o":{"x":0.333,"y":0},"t":0,"s":[281.25,151,0],"to":[-0.5,-1.833,0],"ti":[0.5,1.833,0]},{"t":8.400390625,"s":[278.25,140,0]}],"ix":2},"a":{"a":0,"k":[26,-110.5,0],"ix":1},"s":{"a":0,"k":[100,100,100],"ix":6}},"ao":0,"shapes":[{"ty":"gr","it":[{"d":1,"ty":"el","s":{"a":0,"k":[9.414,16.939],"ix":2},"p":{"a":0,"k":[0,0],"ix":3},"nm":"Ellipse Path 1","mn":"ADBE Vector Shape - Ellipse","hd":false},{"ty":"st","c":{"a":0,"k":[0,0,0,1],"ix":3},"o":{"a":0,"k":100,"ix":4},"w":{"a":0,"k":3,"ix":5},"lc":1,"lj":1,"ml":4,"bm":0,"nm":"Stroke 1","mn":"ADBE Vector Graphic - Stroke","hd":false},{"ty":"fl","c":{"a":0,"k":[0.802022058824,0.793815104167,0.793815104167,1],"ix":4},"o":{"a":0,"k":100,"ix":5},"r":1,"bm":0,"nm":"Fill 1","mn":"ADBE Vector Graphic - Fill","hd":false},{"ty":"tr","p":{"a":0,"k":[26.207,-111.03],"ix":2},"a":{"a":0,"k":[0,0],"ix":1},"s":{"a":0,"k":[100,100],"ix":3},"r":{"a":0,"k":0,"ix":6},"o":{"a":0,"k":100,"ix":7},"sk":{"a":0,"k":0,"ix":4},"sa":{"a":0,"k":0,"ix":5},"nm":"Transform"}],"nm":"Ellipse 1","np":3,"cix":2,"bm":0,"ix":1,"mn":"ADBE Vector Group","hd":false}],"ip":0,"op":334.8,"st":0,"bm":0},{"ddd":0,"ind":3,"ty":4,"nm":"Shape Layer 2","sr":1,"ks":{"o":{"a":0,"k":100,"ix":11},"r":{"a":0,"k":-30,"ix":10},"p":{"a":1,"k":[{"i":{"x":0.667,"y":1},"o":{"x":0.333,"y":0},"t":0,"s":[244.25,140,0],"to":[-0.5,-1.833,0],"ti":[0.5,1.833,0]},{"t":8.400390625,"s":[241.25,129,0]}],"ix":2},"a":{"a":0,"k":[22.327,-125.363,0],"ix":1},"s":{"a":0,"k":[-131.148,100,100],"ix":6}},"ao":0,"shapes":[{"ty":"gr","it":[{"ind":0,"ty":"sh","ix":1,"ks":{"a":1,"k":[{"i":{"x":0.833,"y":0.833},"o":{"x":0.167,"y":0.167},"t":3.6,"s":[{"i":[[0,0],[-8.5,2.5]],"o":[[0,0],[8.5,-2.5]],"v":[[15.5,-116],[30.5,-135]],"c":false}]},{"t":13.2001953125,"s":[{"i":[[0,0],[-12.197,-5.503]],"o":[[0,0],[8.076,3.644]],"v":[[15.5,-116],[30.5,-135]],"c":false}]}],"ix":2},"nm":"Path 1","mn":"ADBE Vector Shape - Group","hd":false},{"ty":"st","c":{"a":0,"k":[0,0,0,1],"ix":3},"o":{"a":0,"k":100,"ix":4},"w":{"a":0,"k":3,"ix":5},"lc":1,"lj":1,"ml":4,"bm":0,"nm":"Stroke 1","mn":"ADBE Vector Graphic - Stroke","hd":false},{"ty":"tr","p":{"a":0,"k":[0,0],"ix":2},"a":{"a":0,"k":[0,0],"ix":1},"s":{"a":0,"k":[100,100],"ix":3},"r":{"a":0,"k":0,"ix":6},"o":{"a":0,"k":100,"ix":7},"sk":{"a":0,"k":0,"ix":4},"sa":{"a":0,"k":0,"ix":5},"nm":"Transform"}],"nm":"Shape 1","np":4,"cix":2,"bm":0,"ix":1,"mn":"ADBE Vector Group","hd":false}],"ip":0,"op":334.8,"st":0,"bm":0},{"ddd":0,"ind":4,"ty":4,"nm":"Shape Layer 1","sr":1,"ks":{"o":{"a":0,"k":100,"ix":11},"r":{"a":0,"k":7,"ix":10},"p":{"a":1,"k":[{"i":{"x":0.667,"y":1},"o":{"x":0.333,"y":0},"t":0,"s":[280.5,132.5,0],"to":[-0.5,-1.833,0],"ti":[0.5,1.833,0]},{"t":8.400390625,"s":[277.5,121.5,0]}],"ix":2},"a":{"a":0,"k":[24,-125,0],"ix":1},"s":{"a":0,"k":[100,100,100],"ix":6}},"ao":0,"shapes":[{"ty":"gr","it":[{"ind":0,"ty":"sh","ix":1,"ks":{"a":1,"k":[{"i":{"x":0.833,"y":0.833},"o":{"x":0.167,"y":0.167},"t":3.6,"s":[{"i":[[0,0],[-8.5,2.5]],"o":[[0,0],[8.5,-2.5]],"v":[[15.5,-116],[30.5,-135]],"c":false}]},{"t":13.2001953125,"s":[{"i":[[0,0],[-14.127,-4.932]],"o":[[0,0],[8.365,2.92]],"v":[[15.5,-116],[30.5,-135]],"c":false}]}],"ix":2},"nm":"Path 1","mn":"ADBE Vector Shape - Group","hd":false},{"ty":"st","c":{"a":0,"k":[0,0,0,1],"ix":3},"o":{"a":0,"k":100,"ix":4},"w":{"a":0,"k":3,"ix":5},"lc":1,"lj":1,"ml":4,"bm":0,"nm":"Stroke 1","mn":"ADBE Vector Graphic - Stroke","hd":false},{"ty":"tr","p":{"a":0,"k":[0,0],"ix":2},"a":{"a":0,"k":[0,0],"ix":1},"s":{"a":0,"k":[100,100],"ix":3},"r":{"a":0,"k":0,"ix":6},"o":{"a":0,"k":100,"ix":7},"sk":{"a":0,"k":0,"ix":4},"sa":{"a":0,"k":0,"ix":5},"nm":"Transform"}],"nm":"Shape 1","np":4,"cix":2,"bm":0,"ix":1,"mn":"ADBE Vector Group","hd":false}],"ip":0,"op":334.8,"st":0,"bm":0},{"ddd":0,"ind":5,"ty":4,"nm":"Layer 1/cactus Outlines 4","sr":1,"ks":{"o":{"a":0,"k":100,"ix":11},"r":{"a":0,"k":0,"ix":10},"p":{"a":0,"k":[266,308,0],"ix":2},"a":{"a":0,"k":[117.407,197.519,0],"ix":1},"s":{"a":0,"k":[135,135,100],"ix":6}},"ao":0,"shapes":[{"ty":"gr","it":[{"ind":0,"ty":"sh","ix":1,"ks":{"a":1,"k":[{"i":{"x":0.833,"y":0.833},"o":{"x":0.167,"y":0.167},"t":0,"s":[{"i":[[-2.002,-6.625],[-1.386,-13.713],[-0.154,7.705],[-0.154,0.616],[0,0],[0,0],[-7.085,-0.77],[0,0],[0,0],[-0.462,-6.164],[0.463,-3.235],[0,0],[0,0],[4.313,-4.314],[0,0],[0,0],[12.013,-0.924],[0,-4.468],[0,0],[0,0],[0.925,-12.172],[0,0],[0,0],[2.31,-11.095],[0,0],[0.307,3.697],[0,0],[0,0],[2.618,10.477],[15.092,1.541],[0,0],[0,0],[7.392,5.085],[0,0],[0,0],[3.08,8.013],[0,0],[0,0],[0,4.776],[-2.464,4.469],[0,0],[0,0],[-8.932,-0.616],[0,0],[0,0],[-1.694,-13.097],[-12.321,8.475],[4.928,19.568],[0.155,1.232],[0,0],[0,0],[-4.312,6.78],[0,0],[0,0],[-9.549,-0.154],[0,0],[0,0],[-6.16,-7.396],[0,0],[0,0]],"o":[[3.388,10.94],[27.259,-1.079],[0,-0.77],[0,0],[0,0],[4.158,-5.084],[0,0],[0,0],[4.159,2.003],[0.462,3.698],[0,0],[0,0],[-1.848,6.318],[0,0],[0,0],[-8.931,6.934],[0.154,4.314],[0,0],[0,0],[0.155,12.788],[0,0],[0,0],[-1.386,14.792],[0,0],[-0.308,-2.928],[0,0],[0,0],[-1.079,-8.475],[-13.245,8.628],[0,0],[0,0],[-9.24,-1.694],[0,0],[0,0],[-6.315,-5.239],[0,0],[0,0],[-1.078,-4.314],[0,-6.626],[0,0],[0,0],[6.16,-7.549],[0,0],[0,0],[9.703,2.619],[5.082,36.825],[-9.549,-24.036],[-0.308,-1.387],[0,0],[0,0],[-0.77,-10.17],[0,0],[0,0],[6.468,-7.55],[0,0],[0,0],[7.546,1.387],[0,0],[0,0],[3.08,4.623]],"v":[[35.652,-50.077],[42.736,-12.635],[56.751,-45.917],[56.905,-47.92],[57.641,-51.169],[59.523,-53.159],[78.62,-60.401],[81.443,-60.406],[84.009,-59.014],[91.864,-46.995],[91.71,-36.518],[90.84,-33.253],[90.478,-30.817],[80.929,-14.792],[79.303,-12.837],[76.771,-11.094],[43.814,0.616],[44.276,13.867],[44.24,16.486],[44.43,19.26],[43.198,57.01],[43.009,59.66],[42.736,62.249],[37.192,101.694],[6.237,101.694],[5.159,91.833],[4.885,89.182],[4.543,86.748],[-0.539,58.089],[-44.893,68.257],[-48.15,68.449],[-50.284,67.487],[-75.54,57.164],[-77.888,55.695],[-80.006,53.774],[-94.329,33.743],[-95.285,31.394],[-95.869,29.121],[-97.717,15.408],[-93.713,-1.387],[-92.177,-3.96],[-90.787,-5.702],[-66.3,-16.025],[-63.836,-15.907],[-61.218,-15.1],[-41.659,8.474],[-8.393,33.281],[-34.421,-33.744],[-35.191,-37.75],[-35.649,-40.958],[-35.961,-43.297],[-30.109,-69.029],[-28.817,-71.42],[-27.028,-73.189],[-1.771,-84.745],[0.933,-84.842],[3.619,-84.129],[24.872,-71.032],[26.88,-69.258],[28.106,-66.718]],"c":true}]},{"t":6,"s":[{"i":[[-2.002,-6.625],[-1.386,-13.713],[-0.154,7.705],[-0.154,0.616],[0,0],[0,0],[-7.085,-0.77],[0,0],[0,0],[-0.462,-6.164],[0.463,-3.235],[0,0],[0,0],[4.313,-4.314],[0,0],[0,0],[12.013,-0.924],[0,-4.468],[0,0],[0,0],[0.925,-12.172],[0,0],[0,0],[2.31,-11.095],[0,0],[0.307,3.697],[0,0],[0,0],[2.618,10.477],[15.092,1.541],[0,0],[0,0],[7.392,5.085],[0,0],[0,0],[3.08,8.013],[0,0],[0,0],[0,4.776],[-2.464,4.469],[0,0],[0,0],[-8.932,-0.616],[0,0],[0,0],[-1.694,-13.097],[-12.321,8.475],[4.928,19.568],[0.155,1.232],[0,0],[0,0],[-4.312,6.78],[0,0],[0,0],[-9.549,-0.154],[0,0],[0,0],[-6.16,-7.396],[0,0],[0,0]],"o":[[3.388,10.94],[27.259,-1.079],[0,-0.77],[0,0],[0,0],[4.158,-5.084],[0,0],[0,0],[4.159,2.003],[0.462,3.698],[0,0],[0,0],[-1.848,6.318],[0,0],[0,0],[-8.931,6.934],[0.154,4.314],[0,0],[0,0],[0.155,12.788],[0,0],[0,0],[-1.386,14.792],[0,0],[-0.308,-2.928],[0,0],[0,0],[-1.079,-8.475],[-13.245,8.628],[0,0],[0,0],[-9.24,-1.694],[0,0],[0,0],[-6.315,-5.239],[0,0],[0,0],[-1.078,-4.314],[0,-6.626],[0,0],[0,0],[6.16,-7.549],[0,0],[0,0],[9.703,2.619],[5.082,36.825],[-9.549,-24.036],[-0.308,-1.387],[0,0],[0,0],[-0.77,-10.17],[0,0],[0,0],[6.468,-7.55],[0,0],[0,0],[7.546,1.387],[0,0],[0,0],[3.08,4.623]],"v":[[35.652,-50.077],[42.736,-12.635],[56.751,-45.917],[56.905,-47.92],[44.123,-62.095],[59.523,-53.159],[78.62,-60.401],[86.628,-76.887],[84.009,-59.014],[91.864,-46.995],[91.71,-36.518],[109.729,-32.512],[90.478,-30.817],[80.929,-14.792],[91.71,-1.541],[76.771,-11.094],[43.814,0.616],[44.276,13.867],[61.833,16.486],[44.43,19.26],[43.198,57.01],[59.676,59.475],[42.736,62.249],[37.192,101.694],[6.237,101.694],[5.159,91.833],[-11.782,89.367],[4.543,86.748],[-0.539,58.089],[-44.893,68.257],[-51.669,84.745],[-50.284,67.487],[-75.54,57.164],[-89.555,69.028],[-80.006,53.774],[-94.329,33.743],[-109.729,36.209],[-95.869,29.121],[-97.717,15.408],[-93.713,-1.387],[-104.955,-14.33],[-90.787,-5.702],[-66.3,-16.025],[-63.836,-32.203],[-61.218,-15.1],[-41.659,8.474],[-8.393,33.281],[-34.421,-33.744],[-35.191,-37.75],[-53.056,-39.291],[-35.961,-43.297],[-30.109,-69.029],[-42.891,-79.198],[-27.028,-73.189],[-1.771,-84.745],[4.081,-101.694],[3.619,-84.129],[24.872,-71.032],[38.732,-80.739],[28.106,-66.718]],"c":true}]}],"ix":2},"nm":"Path 1","mn":"ADBE Vector Shape - Group","hd":false},{"ty":"fl","c":{"a":0,"k":[0.83137254902,0.196078431373,0.196078431373,1],"ix":4},"o":{"a":0,"k":100,"ix":5},"r":1,"bm":0,"nm":"Fill 1","mn":"ADBE Vector Graphic - Fill","hd":false},{"ty":"tr","p":{"a":0,"k":[109.979,101.944],"ix":2},"a":{"a":0,"k":[0,0],"ix":1},"s":{"a":0,"k":[100,100],"ix":3},"r":{"a":0,"k":0,"ix":6},"o":{"a":0,"k":100,"ix":7},"sk":{"a":0,"k":0,"ix":4},"sa":{"a":0,"k":0,"ix":5},"nm":"Transform"}],"nm":"Group 2","np":2,"cix":2,"bm":0,"ix":1,"mn":"ADBE Vector Group","hd":false}],"ip":0,"op":56.4,"st":0,"bm":0},{"ddd":0,"ind":6,"ty":4,"nm":"Layer 1/cactus Outlines 2","sr":1,"ks":{"o":{"a":0,"k":62,"ix":11},"r":{"a":0,"k":0,"ix":10},"p":{"a":0,"k":[256,256,0],"ix":2},"a":{"a":0,"k":[110,159,0],"ix":1},"s":{"a":0,"k":[135,135,100],"ix":6}},"ao":0,"shapes":[{"ty":"gr","it":[{"ind":0,"ty":"sh","ix":1,"ks":{"a":0,"k":{"i":[[-9.395,0],[0,0],[9.548,0],[0,0]],"o":[[0,0],[9.548,0],[0,0],[-9.395,0]],"v":[[-70.611,-19.723],[70.458,-19.723],[70.458,19.723],[-70.611,19.723]],"c":true},"ix":2},"nm":"Path 1","mn":"ADBE Vector Shape - Group","hd":false},{"ty":"fl","c":{"a":0,"k":[0.83137254902,0.196078431373,0.196078431373,1],"ix":4},"o":{"a":0,"k":100,"ix":5},"r":1,"bm":0,"nm":"Fill 1","mn":"ADBE Vector Graphic - Fill","hd":false},{"ty":"tr","p":{"a":0,"k":[117.062,230.602],"ix":2},"a":{"a":0,"k":[0,0],"ix":1},"s":{"a":0,"k":[100,100],"ix":3},"r":{"a":0,"k":0,"ix":6},"o":{"a":0,"k":100,"ix":7},"sk":{"a":0,"k":0,"ix":4},"sa":{"a":0,"k":0,"ix":5},"nm":"Transform"}],"nm":"Group 3","np":2,"cix":2,"bm":0,"ix":1,"mn":"ADBE Vector Group","hd":false}],"ip":0,"op":334.8,"st":0,"bm":0},{"ddd":0,"ind":7,"ty":4,"nm":"Layer 1/cactus Outlines","sr":1,"ks":{"o":{"a":0,"k":76,"ix":11},"r":{"a":0,"k":0,"ix":10},"p":{"a":0,"k":[256,256,0],"ix":2},"a":{"a":0,"k":[110,159,0],"ix":1},"s":{"a":0,"k":[135,135,100],"ix":6}},"ao":0,"shapes":[{"ty":"gr","it":[{"ind":0,"ty":"sh","ix":1,"ks":{"a":0,"k":{"i":[[-9.548,0],[0,0],[0,0],[0,0],[9.548,0],[0,0],[0,0],[0,0]],"o":[[0,0],[0,0],[0,0],[9.547,0],[0,0],[0,0],[0,0],[-9.549,0]],"v":[[-59.061,-30.97],[-47.203,-30.97],[47.049,-30.97],[59.062,-30.97],[48.897,30.97],[47.049,30.97],[-47.203,30.97],[-48.896,30.97]],"c":true},"ix":2},"nm":"Path 1","mn":"ADBE Vector Shape - Group","hd":false},{"ty":"fl","c":{"a":0,"k":[0.832628676471,0.196295240814,0.196295240814,1],"ix":4},"o":{"a":0,"k":100,"ix":5},"r":1,"bm":0,"nm":"Fill 1","mn":"ADBE Vector Graphic - Fill","hd":false},{"ty":"tr","p":{"a":0,"k":[115.523,286.071],"ix":2},"a":{"a":0,"k":[0,0],"ix":1},"s":{"a":0,"k":[100,100],"ix":3},"r":{"a":0,"k":0,"ix":6},"o":{"a":0,"k":100,"ix":7},"sk":{"a":0,"k":0,"ix":4},"sa":{"a":0,"k":0,"ix":5},"nm":"Transform"}],"nm":"Group 1","np":2,"cix":2,"bm":0,"ix":1,"mn":"ADBE Vector Group","hd":false}],"ip":0,"op":334.8,"st":0,"bm":0}],"markers":[]}